Workbook

Sheet Class list
A1: AS Applied — Stats & Mechanics Year 1/AS — Class list
A2: Type each pupil's name once below. Every chapter tab fills in automatically.
A3: # | B3: Pupil name
A4: 1 | B4: Student 1
A5: 2 | B5: Student 2
A6: 3 | B6: Student 3
A7: 4 | B7: Student 4
A8: 5 | B8: Student 5
A9: 6 | B9: Student 6
A10: 7 | B10: Student 7
A11: 8 | B11: Student 8
A12: 9 | B12: Student 9
A13: 10 | B13: Student 10
A14: 11 | B14: Student 11
A15: 12 | B15: Student 12
... A27: 24 | B27: Student 24

Sheet Ch1 Data collection
A1: AS Applied — Stats & Mechanics Year 1/AS · Chapter 1: Data collection
A2: Score each pupil 1 (red) / 2 (amber) / 3 (green). Names come from the Class list tab.
A3: Pupil name | B3: 1.1 Populations & samples | C3: 1.2 Sampling methods | D3: 1.3 Non-random sampling | E3: 1.4 Types of data | F3: 1.5 The large data set
A4: ='Class list'!B4
A5: ='Class list'!B5
A6: ='Class list'!B6
A7: ='Class list'!B7
A8: ='Class list'!B8
A9: ='Class list'!B9
A10: ='Class list'!B10
A11: ='Class list'!B11
A12: ='Class list'!B12
A13: ='Class list'!B13
A14: ='Class list'!B14
A15: ='Class list'!B15
... A27: ='Class list'!B27

Sheet Ch2 Measures of location & spre
A1: AS Applied — Stats & Mechanics Year 1/AS · Chapter 2: Measures of location & spread
A2: Score each pupil 1 (red) / 2 (amber) / 3 (green). Names come from the Class list tab.
A3: Pupil name | B3: 2.1 Mean, median, mode | C3: 2.2 Quartiles & percentiles | D3: 2.3 Range & interquartile range | E3: 2.4 Variance & standard deviation | F3: 2.5 Coding
A4: ='Class list'!B4
A5: ='Class list'!B5
A6: ='Class list'!B6
A7: ='Class list'!B7
A8: ='Class list'!B8
A9: ='Class list'!B9
A10: ='Class list'!B10
A11: ='Class list'!B11
A12: ='Class list'!B12
A13: ='Class list'!B13
A14: ='Class list'!B14
A15: ='Class list'!B15
... A27: ='Class list'!B27

Sheet Ch3 Representations of data
A1: AS Applied — Stats & Mechanics Year 1/AS · Chapter 3: Representations of data
A2: Score each pupil 1 (red) / 2 (amber) / 3 (green). Names come from the Class list tab.
A3: Pupil name | B3: 3.1 Outliers | C3: 3.2 Box plots | D3: 3.3 Cumulative frequency | E3: 3.4 Histograms | F3: 3.5 Comparing data
A4: ='Class list'!B4
A5: ='Class list'!B5
A6: ='Class list'!B6
A7: ='Class list'!B7
A8: ='Class list'!B8
A9: ='Class list'!B9
A10: ='Class list'!B10
A11: ='Class list'!B11
A12: ='Class list'!B12
A13: ='Class list'!B13
A14: ='Class list'!B14
A15: ='Class list'!B15
... A27: ='Class list'!B27

Sheet Ch4 Correlation
A1: AS Applied — Stats & Mechanics Year 1/AS · Chapter 4: Correlation
A2: Score each pupil 1 (red) / 2 (amber) / 3 (green). Names come from the Class list tab.
A3: Pupil name | B3: 4.1 Correlation | C3: 4.2 Linear regression | D3: 4.3 Using regression lines
A4: ='Class list'!B4
A5: ='Class list'!B5
A6: ='Class list'!B6
A7: ='Class list'!B7
A8: ='Class list'!B8
A9: ='Class list'!B9
A10: ='Class list'!B10
A11: ='Class list'!B11
A12: ='Class list'!B12
A13: ='Class list'!B13
A14: ='Class list'!B14
A15: ='Class list'!B15
... A27: ='Class list'!B27

Sheet Ch5 Probability
A1: AS Applied — Stats & Mechanics Year 1/AS · Chapter 5: Probability
A2: Score each pupil 1 (red) / 2 (amber) / 3 (green). Names come from the Class list tab.
A3: Pupil name | B3: 5.1 Sample spaces & Venn diagrams | C3: 5.2 Mutually exclusive & independent events | D3: 5.3 Tree diagrams
A4: ='Class list'!B4
A5: ='Class list'!B5
A6: ='Class list'!B6
A7: ='Class list'!B7
A8: ='Class list'!B8
A9: ='Class list'!B9
A10: ='Class list'!B10
A11: ='Class list'!B11
A12: ='Class list'!B12
A13: ='Class list'!B13
A14: ='Class list'!B14
A15: ='Class list'!B15
... A27: ='Class list'!B27

Sheet Ch6 Statistical distributions
A1: AS Applied — Stats & Mechanics Year 1/AS · Chapter 6: Statistical distributions
A2: Score each pupil 1 (red) / 2 (amber) / 3 (green). Names come from the Class list tab.
A3: Pupil name | B3: 6.1 Probability distributions | C3: 6.2 The binomial distribution | D3: 6.3 Cumulative binomial probabilities
A4: ='Class list'!B4
A5: ='Class list'!B5
A6: ='Class list'!B6
A7: ='Class list'!B7
A8: ='Class list'!B8
A9: ='Class list'!B9
A10: ='Class list'!B10
A11: ='Class list'!B11
A12: ='Class list'!B12
A13: ='Class list'!B13
A14: ='Class list'!B14
A15: ='Class list'!B15
... A27: ='Class list'!B27

Sheet Ch7 Hypothesis testing
A1: AS Applied — Stats & Mechanics Year 1/AS · Chapter 7: Hypothesis testing
A2: Score each pupil 1 (red) / 2 (amber) / 3 (green). Names come from the Class list tab.
A3: Pupil name | B3: 7.1 Hypotheses | C3: 7.2 Finding critical values | D3: 7.3 One-tailed tests | E3: 7.4 Two-tailed tests
A4: ='Class list'!B4
A5: ='Class list'!B5
A6: ='Class list'!B6
A7: ='Class list'!B7
A8: ='Class list'!B8
A9: ='Class list'!B9
A10: ='Class list'!B10
A11: ='Class list'!B11
A12: ='Class list'!B12
A13: ='Class list'!B13
A14: ='Class list'!B14
A15: ='Class list'!B15
... A27: ='Class list'!B27

Sheet Ch8 Modelling in mechanics
A1: AS Applied — Stats & Mechanics Year 1/AS · Chapter 8: Modelling in mechanics
A2: Score each pupil 1 (red) / 2 (amber) / 3 (green). Names come from the Class list tab.
A3: Pupil name | B3: 8.1 Constructing a model | C3: 8.2 Modelling assumptions | D3: 8.3 Quantities & units | E3: 8.4 Working with vectors in mechanics
A4: ='Class list'!B4
A5: ='Class list'!B5
A6: ='Class list'!B6
A7: ='Class list'!B7
A8: ='Class list'!B8
A9: ='Class list'!B9
A10: ='Class list'!B10
A11: ='Class list'!B11
A12: ='Class list'!B12
A13: ='Class list'!B13
A14: ='Class list'!B14
A15: ='Class list'!B15
... A27: ='Class list'!B27

Sheet Ch9 Constant acceleration
A1: AS Applied — Stats & Mechanics Year 1/AS · Chapter 9: Constant acceleration
A2: Score each pupil 1 (red) / 2 (amber) / 3 (green). Names come from the Class list tab.
A3: Pupil name | B3: 9.1 Displacement–time graphs | C3: 9.2 Velocity–time graphs | D3: 9.3 Constant acceleration formulae (suvat) | E3: 9.4 Vertical motion under gravity
A4: ='Class list'!B4
A5: ='Class list'!B5
A6: ='Class list'!B6
A7: ='Class list'!B7
A8: ='Class list'!B8
A9: ='Class list'!B9
A10: ='Class list'!B10
A11: ='Class list'!B11
A12: ='Class list'!B12
A13: ='Class list'!B13
A14: ='Class list'!B14
A15: ='Class list'!B15
... A27: ='Class list'!B27

Sheet Ch10 Forces & motion
A1: AS Applied — Stats & Mechanics Year 1/AS · Chapter 10: Forces & motion
A2: Score each pupil 1 (red) / 2 (amber) / 3 (green). Names come from the Class list tab.
A3: Pupil name | B3: 10.1 Force diagrams | C3: 10.2 Forces as vectors | D3: 10.3 Newton's 1st & 2nd laws | E3: 10.4 Connected particles | F3: 10.5 Pulleys
A4: ='Class list'!B4
A5: ='Class list'!B5
A6: ='Class list'!B6
A7: ='Class list'!B7
A8: ='Class list'!B8
A9: ='Class list'!B9
A10: ='Class list'!B10
A11: ='Class list'!B11
A12: ='Class list'!B12
A13: ='Class list'!B13
A14: ='Class list'!B14
A15: ='Class list'!B15
... A27: ='Class list'!B27

Sheet Ch11 Variable acceleration
A1: AS Applied — Stats & Mechanics Year 1/AS · Chapter 11: Variable acceleration
A2: Score each pupil 1 (red) / 2 (amber) / 3 (green). Names come from the Class list tab.
A3: Pupil name | B3: 11.1 Functions of time | C3: 11.2 Using differentiation | D3: 11.3 Using integration | E3: 11.4 Constant acceleration via calculus
A4: ='Class list'!B4
A5: ='Class list'!B5
A6: ='Class list'!B6
A7: ='Class list'!B7
A8: ='Class list'!B8
A9: ='Class list'!B9
A10: ='Class list'!B10
A11: ='Class list'!B11
A12: ='Class list'!B12
A13: ='Class list'!B13
A14: ='Class list'!B14
A15: ='Class list'!B15
... A27: ='Class list'!B27
