Workbook

Sheet Class list
A1: AS Pure — Pure Maths Year 1/AS — Class list
A2: Type each pupil's name once below. Every chapter tab fills in automatically.
A3: # | B3: Pupil name
A4: 1 | B4: Student 1
A5: 2 | B5: Student 2
A6: 3 | B6: Student 3
A7: 4 | B7: Student 4
A8: 5 | B8: Student 5
A9: 6 | B9: Student 6
A10: 7 | B10: Student 7
A11: 8 | B11: Student 8
A12: 9 | B12: Student 9
A13: 10 | B13: Student 10
A14: 11 | B14: Student 11
A15: 12 | B15: Student 12
... A27: 24 | B27: Student 24

Sheet Ch1 Algebraic expressions
A1: AS Pure — Pure Maths Year 1/AS · Chapter 1: Algebraic expressions
A2: Score each pupil 1 (red) / 2 (amber) / 3 (green). Names come from the Class list tab.
A3: Pupil name | B3: 1.1 Index laws | C3: 1.2 Expanding brackets | D3: 1.3 Factorising | E3: 1.4 Negative & fractional indices | F3: 1.5 Surds | G3: 1.6 Rationalising denominators
A4: ='Class list'!B4
A5: ='Class list'!B5
A6: ='Class list'!B6
A7: ='Class list'!B7
A8: ='Class list'!B8
A9: ='Class list'!B9
A10: ='Class list'!B10
A11: ='Class list'!B11
A12: ='Class list'!B12
A13: ='Class list'!B13
A14: ='Class list'!B14
A15: ='Class list'!B15
... A27: ='Class list'!B27

Sheet Ch2 Quadratics
A1: AS Pure — Pure Maths Year 1/AS · Chapter 2: Quadratics
A2: Score each pupil 1 (red) / 2 (amber) / 3 (green). Names come from the Class list tab.
A3: Pupil name | B3: 2.1 Solving quadratics | C3: 2.2 Completing the square | D3: 2.3 Quadratic functions & graphs | E3: 2.4 The discriminant | F3: 2.5 Modelling with quadratics
A4: ='Class list'!B4
A5: ='Class list'!B5
A6: ='Class list'!B6
A7: ='Class list'!B7
A8: ='Class list'!B8
A9: ='Class list'!B9
A10: ='Class list'!B10
A11: ='Class list'!B11
A12: ='Class list'!B12
A13: ='Class list'!B13
A14: ='Class list'!B14
A15: ='Class list'!B15
... A27: ='Class list'!B27

Sheet Ch3 Equations & inequalities
A1: AS Pure — Pure Maths Year 1/AS · Chapter 3: Equations & inequalities
A2: Score each pupil 1 (red) / 2 (amber) / 3 (green). Names come from the Class list tab.
A3: Pupil name | B3: 3.1 Simultaneous equations (linear) | C3: 3.2 Simultaneous (one quadratic) | D3: 3.3 Linear inequalities | E3: 3.4 Quadratic inequalities | F3: 3.5 Inequalities on graphs | G3: 3.6 Regions
A4: ='Class list'!B4
A5: ='Class list'!B5
A6: ='Class list'!B6
A7: ='Class list'!B7
A8: ='Class list'!B8
A9: ='Class list'!B9
A10: ='Class list'!B10
A11: ='Class list'!B11
A12: ='Class list'!B12
A13: ='Class list'!B13
A14: ='Class list'!B14
A15: ='Class list'!B15
... A27: ='Class list'!B27

Sheet Ch4 Graphs & transformations
A1: AS Pure — Pure Maths Year 1/AS · Chapter 4: Graphs & transformations
A2: Score each pupil 1 (red) / 2 (amber) / 3 (green). Names come from the Class list tab.
A3: Pupil name | B3: 4.1 Cubic graphs | C3: 4.2 Quartic graphs | D3: 4.3 Reciprocal graphs | E3: 4.4 Points of intersection | F3: 4.5 Translations f(x+a), f(x)+a | G3: 4.6 Stretches | H3: 4.7 Transforming functions
A4: ='Class list'!B4
A5: ='Class list'!B5
A6: ='Class list'!B6
A7: ='Class list'!B7
A8: ='Class list'!B8
A9: ='Class list'!B9
A10: ='Class list'!B10
A11: ='Class list'!B11
A12: ='Class list'!B12
A13: ='Class list'!B13
A14: ='Class list'!B14
A15: ='Class list'!B15
... A27: ='Class list'!B27

Sheet Ch5 Straight line graphs
A1: AS Pure — Pure Maths Year 1/AS · Chapter 5: Straight line graphs
A2: Score each pupil 1 (red) / 2 (amber) / 3 (green). Names come from the Class list tab.
A3: Pupil name | B3: 5.1 y=mx+c | C3: 5.2 Equation of a line | D3: 5.3 Parallel & perpendicular | E3: 5.4 Length & midpoint | F3: 5.5 Modelling with straight lines
A4: ='Class list'!B4
A5: ='Class list'!B5
A6: ='Class list'!B6
A7: ='Class list'!B7
A8: ='Class list'!B8
A9: ='Class list'!B9
A10: ='Class list'!B10
A11: ='Class list'!B11
A12: ='Class list'!B12
A13: ='Class list'!B13
A14: ='Class list'!B14
A15: ='Class list'!B15
... A27: ='Class list'!B27

Sheet Ch6 Circles
A1: AS Pure — Pure Maths Year 1/AS · Chapter 6: Circles
A2: Score each pupil 1 (red) / 2 (amber) / 3 (green). Names come from the Class list tab.
A3: Pupil name | B3: 6.1 Midpoint & perpendicular bisector | C3: 6.2 Equation of a circle | D3: 6.3 Intersections of line & circle | E3: 6.4 Tangent & chord properties | F3: 6.5 Circle & triangle problems
A4: ='Class list'!B4
A5: ='Class list'!B5
A6: ='Class list'!B6
A7: ='Class list'!B7
A8: ='Class list'!B8
A9: ='Class list'!B9
A10: ='Class list'!B10
A11: ='Class list'!B11
A12: ='Class list'!B12
A13: ='Class list'!B13
A14: ='Class list'!B14
A15: ='Class list'!B15
... A27: ='Class list'!B27

Sheet Ch7 Algebraic methods
A1: AS Pure — Pure Maths Year 1/AS · Chapter 7: Algebraic methods
A2: Score each pupil 1 (red) / 2 (amber) / 3 (green). Names come from the Class list tab.
A3: Pupil name | B3: 7.1 Algebraic fractions | C3: 7.2 Dividing polynomials | D3: 7.3 The factor theorem | E3: 7.4 Proof (deduction, exhaustion, counter-example)
A4: ='Class list'!B4
A5: ='Class list'!B5
A6: ='Class list'!B6
A7: ='Class list'!B7
A8: ='Class list'!B8
A9: ='Class list'!B9
A10: ='Class list'!B10
A11: ='Class list'!B11
A12: ='Class list'!B12
A13: ='Class list'!B13
A14: ='Class list'!B14
A15: ='Class list'!B15
... A27: ='Class list'!B27

Sheet Ch8 The binomial expansion
A1: AS Pure — Pure Maths Year 1/AS · Chapter 8: The binomial expansion
A2: Score each pupil 1 (red) / 2 (amber) / 3 (green). Names come from the Class list tab.
A3: Pupil name | B3: 8.1 Pascal's triangle | C3: 8.2 Factorial notation & nCr | D3: 8.3 Binomial expansion | E3: 8.4 Using the expansion | F3: 8.5 Estimation
A4: ='Class list'!B4
A5: ='Class list'!B5
A6: ='Class list'!B6
A7: ='Class list'!B7
A8: ='Class list'!B8
A9: ='Class list'!B9
A10: ='Class list'!B10
A11: ='Class list'!B11
A12: ='Class list'!B12
A13: ='Class list'!B13
A14: ='Class list'!B14
A15: ='Class list'!B15
... A27: ='Class list'!B27

Sheet Ch9 Trigonometric ratios
A1: AS Pure — Pure Maths Year 1/AS · Chapter 9: Trigonometric ratios
A2: Score each pupil 1 (red) / 2 (amber) / 3 (green). Names come from the Class list tab.
A3: Pupil name | B3: 9.1 The cosine rule | C3: 9.2 The sine rule | D3: 9.3 Areas of triangles | E3: 9.4 Solving triangle problems | F3: 9.5 Graphs of sin, cos, tan | G3: 9.6 Transforming trig graphs
A4: ='Class list'!B4
A5: ='Class list'!B5
A6: ='Class list'!B6
A7: ='Class list'!B7
A8: ='Class list'!B8
A9: ='Class list'!B9
A10: ='Class list'!B10
A11: ='Class list'!B11
A12: ='Class list'!B12
A13: ='Class list'!B13
A14: ='Class list'!B14
A15: ='Class list'!B15
... A27: ='Class list'!B27

Sheet Ch10 Trigonometric identities &
A1: AS Pure — Pure Maths Year 1/AS · Chapter 10: Trigonometric identities & equations
A2: Score each pupil 1 (red) / 2 (amber) / 3 (green). Names come from the Class list tab.
A3: Pupil name | B3: 10.1 Exact trig values | C3: 10.2 tan = sin/cos identity | D3: 10.3 sin²+cos²=1 identity | E3: 10.4 Solving trig equations | F3: 10.5 Harder trig equations
A4: ='Class list'!B4
A5: ='Class list'!B5
A6: ='Class list'!B6
A7: ='Class list'!B7
A8: ='Class list'!B8
A9: ='Class list'!B9
A10: ='Class list'!B10
A11: ='Class list'!B11
A12: ='Class list'!B12
A13: ='Class list'!B13
A14: ='Class list'!B14
A15: ='Class list'!B15
... A27: ='Class list'!B27

Sheet Ch11 Vectors
A1: AS Pure — Pure Maths Year 1/AS · Chapter 11: Vectors
A2: Score each pupil 1 (red) / 2 (amber) / 3 (green). Names come from the Class list tab.
A3: Pupil name | B3: 11.1 Vectors & representation | C3: 11.2 Magnitude & direction | D3: 11.3 Position vectors | E3: 11.4 Vectors in geometry | F3: 11.5 Modelling with vectors
A4: ='Class list'!B4
A5: ='Class list'!B5
A6: ='Class list'!B6
A7: ='Class list'!B7
A8: ='Class list'!B8
A9: ='Class list'!B9
A10: ='Class list'!B10
A11: ='Class list'!B11
A12: ='Class list'!B12
A13: ='Class list'!B13
A14: ='Class list'!B14
A15: ='Class list'!B15
... A27: ='Class list'!B27

Sheet Ch12 Differentiation
A1: AS Pure — Pure Maths Year 1/AS · Chapter 12: Differentiation
A2: Score each pupil 1 (red) / 2 (amber) / 3 (green). Names come from the Class list tab.
A3: Pupil name | B3: 12.1 Gradients of curves | C3: 12.2 Differentiation from first principles | D3: 12.3 Differentiating x^n | E3: 12.4 Second derivatives | F3: 12.5 Tangents & normals | G3: 12.6 Increasing/decreasing functions | H3: 12.7 Stationary points | I3: 12.8 Modelling with differentiation
A4: ='Class list'!B4
A5: ='Class list'!B5
A6: ='Class list'!B6
A7: ='Class list'!B7
A8: ='Class list'!B8
A9: ='Class list'!B9
A10: ='Class list'!B10
A11: ='Class list'!B11
A12: ='Class list'!B12
A13: ='Class list'!B13
A14: ='Class list'!B14
A15: ='Class list'!B15
... A27: ='Class list'!B27

Sheet Ch13 Integration
A1: AS Pure — Pure Maths Year 1/AS · Chapter 13: Integration
A2: Score each pupil 1 (red) / 2 (amber) / 3 (green). Names come from the Class list tab.
A3: Pupil name | B3: 13.1 Integrating x^n | C3: 13.2 Indefinite integrals | D3: 13.3 Finding f(x) given f'(x) | E3: 13.4 Definite integrals | F3: 13.5 Area under a curve | G3: 13.6 Areas between curves & lines
A4: ='Class list'!B4
A5: ='Class list'!B5
A6: ='Class list'!B6
A7: ='Class list'!B7
A8: ='Class list'!B8
A9: ='Class list'!B9
A10: ='Class list'!B10
A11: ='Class list'!B11
A12: ='Class list'!B12
A13: ='Class list'!B13
A14: ='Class list'!B14
A15: ='Class list'!B15
... A27: ='Class list'!B27

Sheet Ch14 Exponentials & logarithms
A1: AS Pure — Pure Maths Year 1/AS · Chapter 14: Exponentials & logarithms
A2: Score each pupil 1 (red) / 2 (amber) / 3 (green). Names come from the Class list tab.
A3: Pupil name | B3: 14.1 Exponential functions | C3: 14.2 The number e | D3: 14.3 Logarithms & laws | E3: 14.4 Solving equations with logs | F3: 14.5 Working with natural logs | G3: 14.6 Modelling with exponentials & logs
A4: ='Class list'!B4
A5: ='Class list'!B5
A6: ='Class list'!B6
A7: ='Class list'!B7
A8: ='Class list'!B8
A9: ='Class list'!B9
A10: ='Class list'!B10
A11: ='Class list'!B11
A12: ='Class list'!B12
A13: ='Class list'!B13
A14: ='Class list'!B14
A15: ='Class list'!B15
... A27: ='Class list'!B27
