Workbook

Sheet Class list
A1: Core Pure 1 — Further Maths — Class list
A2: Type each pupil's name once below. Every chapter tab fills in automatically.
A3: # | B3: Pupil name
A4: 1 | B4: Student 1
A5: 2 | B5: Student 2
A6: 3 | B6: Student 3
A7: 4 | B7: Student 4
A8: 5 | B8: Student 5
A9: 6 | B9: Student 6
A10: 7 | B10: Student 7
A11: 8 | B11: Student 8
A12: 9 | B12: Student 9
A13: 10 | B13: Student 10
A14: 11 | B14: Student 11
A15: 12 | B15: Student 12
... A27: 24 | B27: Student 24

Sheet Ch1 Complex numbers
A1: Core Pure 1 — Further Maths · Chapter 1: Complex numbers
A2: Score each pupil 1 (red) / 2 (amber) / 3 (green). Names come from the Class list tab.
A3: Pupil name | B3: 1.1 Imaginary & complex numbers | C3: 1.2 Multiplying complex numbers | D3: 1.3 Complex conjugation | E3: 1.4 Roots of quadratic equations | F3: 1.5 Solving cubic & quartic equations
A4: ='Class list'!B4
A5: ='Class list'!B5
A6: ='Class list'!B6
A7: ='Class list'!B7
A8: ='Class list'!B8
A9: ='Class list'!B9
A10: ='Class list'!B10
A11: ='Class list'!B11
A12: ='Class list'!B12
A13: ='Class list'!B13
A14: ='Class list'!B14
A15: ='Class list'!B15
... A27: ='Class list'!B27

Sheet Ch2 Argand diagrams
A1: Core Pure 1 — Further Maths · Chapter 2: Argand diagrams
A2: Score each pupil 1 (red) / 2 (amber) / 3 (green). Names come from the Class list tab.
A3: Pupil name | B3: 2.1 Argand diagrams | C3: 2.2 Modulus & argument | D3: 2.3 Modulus–argument form | E3: 2.4 Multiplying & dividing in mod–arg form | F3: 2.5 Loci in the Argand plane | G3: 2.6 Regions in the Argand plane
A4: ='Class list'!B4
A5: ='Class list'!B5
A6: ='Class list'!B6
A7: ='Class list'!B7
A8: ='Class list'!B8
A9: ='Class list'!B9
A10: ='Class list'!B10
A11: ='Class list'!B11
A12: ='Class list'!B12
A13: ='Class list'!B13
A14: ='Class list'!B14
A15: ='Class list'!B15
... A27: ='Class list'!B27

Sheet Ch3 Series
A1: Core Pure 1 — Further Maths · Chapter 3: Series
A2: Score each pupil 1 (red) / 2 (amber) / 3 (green). Names come from the Class list tab.
A3: Pupil name | B3: 3.1 Sums of natural numbers Σr | C3: 3.2 Sums of squares Σr² & cubes Σr³ | D3: 3.3 Using standard results | E3: 3.4 Method of differences
A4: ='Class list'!B4
A5: ='Class list'!B5
A6: ='Class list'!B6
A7: ='Class list'!B7
A8: ='Class list'!B8
A9: ='Class list'!B9
A10: ='Class list'!B10
A11: ='Class list'!B11
A12: ='Class list'!B12
A13: ='Class list'!B13
A14: ='Class list'!B14
A15: ='Class list'!B15
... A27: ='Class list'!B27

Sheet Ch4 Roots of polynomials
A1: Core Pure 1 — Further Maths · Chapter 4: Roots of polynomials
A2: Score each pupil 1 (red) / 2 (amber) / 3 (green). Names come from the Class list tab.
A3: Pupil name | B3: 4.1 Roots of a quadratic | C3: 4.2 Roots of a cubic | D3: 4.3 Roots of a quartic | E3: 4.4 Expressions relating roots | F3: 4.5 Linear transformations of roots
A4: ='Class list'!B4
A5: ='Class list'!B5
A6: ='Class list'!B6
A7: ='Class list'!B7
A8: ='Class list'!B8
A9: ='Class list'!B9
A10: ='Class list'!B10
A11: ='Class list'!B11
A12: ='Class list'!B12
A13: ='Class list'!B13
A14: ='Class list'!B14
A15: ='Class list'!B15
... A27: ='Class list'!B27

Sheet Ch5 Volumes of revolution
A1: Core Pure 1 — Further Maths · Chapter 5: Volumes of revolution
A2: Score each pupil 1 (red) / 2 (amber) / 3 (green). Names come from the Class list tab.
A3: Pupil name | B3: 5.1 Rotation about the x-axis | C3: 5.2 Rotation about the y-axis | D3: 5.3 Volumes of revolution around lines | E3: 5.4 Modelling with volumes
A4: ='Class list'!B4
A5: ='Class list'!B5
A6: ='Class list'!B6
A7: ='Class list'!B7
A8: ='Class list'!B8
A9: ='Class list'!B9
A10: ='Class list'!B10
A11: ='Class list'!B11
A12: ='Class list'!B12
A13: ='Class list'!B13
A14: ='Class list'!B14
A15: ='Class list'!B15
... A27: ='Class list'!B27

Sheet Ch6 Matrices
A1: Core Pure 1 — Further Maths · Chapter 6: Matrices
A2: Score each pupil 1 (red) / 2 (amber) / 3 (green). Names come from the Class list tab.
A3: Pupil name | B3: 6.1 Introduction to matrices | C3: 6.2 Matrix multiplication | D3: 6.3 Determinants | E3: 6.4 Inverting a 2×2 matrix | F3: 6.5 Inverting a 3×3 matrix | G3: 6.6 Solving systems of equations
A4: ='Class list'!B4
A5: ='Class list'!B5
A6: ='Class list'!B6
A7: ='Class list'!B7
A8: ='Class list'!B8
A9: ='Class list'!B9
A10: ='Class list'!B10
A11: ='Class list'!B11
A12: ='Class list'!B12
A13: ='Class list'!B13
A14: ='Class list'!B14
A15: ='Class list'!B15
... A27: ='Class list'!B27

Sheet Ch7 Linear transformations
A1: Core Pure 1 — Further Maths · Chapter 7: Linear transformations
A2: Score each pupil 1 (red) / 2 (amber) / 3 (green). Names come from the Class list tab.
A3: Pupil name | B3: 7.1 Linear transformations in 2D | C3: 7.2 Reflections & rotations | D3: 7.3 Enlargements & stretches | E3: 7.4 Successive transformations | F3: 7.5 The determinant as area scale factor | G3: 7.6 Transformations in 3D | H3: 7.7 Invariant points & lines
A4: ='Class list'!B4
A5: ='Class list'!B5
A6: ='Class list'!B6
A7: ='Class list'!B7
A8: ='Class list'!B8
A9: ='Class list'!B9
A10: ='Class list'!B10
A11: ='Class list'!B11
A12: ='Class list'!B12
A13: ='Class list'!B13
A14: ='Class list'!B14
A15: ='Class list'!B15
... A27: ='Class list'!B27

Sheet Ch8 Proof by induction
A1: Core Pure 1 — Further Maths · Chapter 8: Proof by induction
A2: Score each pupil 1 (red) / 2 (amber) / 3 (green). Names come from the Class list tab.
A3: Pupil name | B3: 8.1 Proof by induction (summation) | C3: 8.2 Proof by induction (divisibility) | D3: 8.3 Proof by induction (matrices) | E3: 8.4 Proof by induction (recurrence)
A4: ='Class list'!B4
A5: ='Class list'!B5
A6: ='Class list'!B6
A7: ='Class list'!B7
A8: ='Class list'!B8
A9: ='Class list'!B9
A10: ='Class list'!B10
A11: ='Class list'!B11
A12: ='Class list'!B12
A13: ='Class list'!B13
A14: ='Class list'!B14
A15: ='Class list'!B15
... A27: ='Class list'!B27

Sheet Ch9 Vectors
A1: Core Pure 1 — Further Maths · Chapter 9: Vectors
A2: Score each pupil 1 (red) / 2 (amber) / 3 (green). Names come from the Class list tab.
A3: Pupil name | B3: 9.1 Equation of a line in 3D | C3: 9.2 Equation of a plane | D3: 9.3 Scalar product | E3: 9.4 Angles between lines & planes | F3: 9.5 Points of intersection | G3: 9.6 Distances (point to line/plane)
A4: ='Class list'!B4
A5: ='Class list'!B5
A6: ='Class list'!B6
A7: ='Class list'!B7
A8: ='Class list'!B8
A9: ='Class list'!B9
A10: ='Class list'!B10
A11: ='Class list'!B11
A12: ='Class list'!B12
A13: ='Class list'!B13
A14: ='Class list'!B14
A15: ='Class list'!B15
... A27: ='Class list'!B27
